Designator,Footprint,Quantity,Value,LCSC Part #
"C1, C2, C25, C26",0603,4,27p,
"C10, C8",0603,2,1u,
"C11, C12, C13, C14, C15, C16, C18, C19, C20, C21, C27, C28, C4, C6, C7, C9",0603,16,100n,
"C17, C22, C23, C24, C3, C5",0603,6,10u,
"D1, D2, D3",0603,3,LED,
J1,USB_C_Receptacle_Palconn_UTC16-G,1,USB_C_Receptacle_USB2.0,
"J2, J3",RJ45_Amphenol_54602-x08_Horizontal,2,RJ45,
J4,SolderWire-2sqmm_1x02_P7.8mm_D2mm_OD3.9mm_Relief,1,Conn_01x02,
J5,PinHeader_1x03_P2.54mm_Vertical,1,Conn_01x03,
J6,DSUB-25_Female_Horizontal_P2.77x2.84mm_EdgePinOffset7.70mm_Housed_MountingHolesOffset9.12mm,1,DB25_Receptacle_MountingHoles,
JP1,SolderJumper-2_P1.3mm_Open_RoundedPad1.0x1.5mm,1,SolderJumper_2_Open,
PS2,Converter_DCDC_XP_POWER-ITxxxxxS_THT,1,PRM3W-E12-D12-S,
"R1, R3",0603,2,1k,
"R10, R11, R16, R17, R27",0603,5,10k,
"R12, R6",0603,2,3.6k,
"R13, R7",0603,2,3.3k,
"R14, R8",0603,2,9.1k,
"R15, R9",0603,2,20k,
"R18, R19, R20",0603,3,100,
R2,0603,1,DNF,
"R21, R22",0603,2,5.1k,
"R23, R26",0603,2,120,
R24,0603,1,560,
R25,0603,1,220,
"R4, R5",0603,2,27,
SW2,SW_DIP_SPSTx04_Slide_Omron_A6S-410x_W8.9mm_P2.54mm,1,SW_DIP_x04,
U1,Converter_DCDC_RECOM_R-78E-0.5_THT,1,R-78E5.0-0.5,
U10,SOIC-14_3.9x8.7mm_P1.27mm,1,MCP4922-ESL,
U2,SOIC-8_5.23x5.23mm_P1.27mm,1,W25Q128JVS,
U3,QFN-56-1EP_7x7mm_P0.4mm_EP3.2x3.2mm,1,RP2040,
U5,SOIC-14_3.9x8.7mm_P1.27mm,1,TL074,
U6,SOIC-14_3.9x8.7mm_P1.27mm,1,74LS125,
U7,TSSOP-20_4.4x6.5mm_P0.65mm,1,MCP2515-xST,
U8,SOIC-8_3.9x4.9mm_P1.27mm,1,MCP2551-I-SN,
U9,SOT-223-3_TabPin2,1,AMS1117-3.3,
Y1,Crystal_SMD_3225-4Pin_3.2x2.5mm,1,8Mhz,
Y2,Crystal_SMD_3225-4Pin_3.2x2.5mm,1,12MHz,
