Designator,Footprint,Quantity,Value,LCSC Part #
"C1, C2, C7, C8",0603,4,100n,
"C10, C11, C12, C13, C3, C4, C5, C6, C9",CP_Elec_6.3x7.7,9,220u,
C14,0603,1,2u,
C15,1210,1,47u,
"D1, D2, D9",D_SOD-123,3,1N5819WS,
"D10, D11, D12, D3, D4, D5, D6, D7, D8",D_SOD-123,9,1N4148W,
"D13, D15",0603,2,LED,
D14,D_SMA,1,SS54,
"H1, H2, H3, H4",MountingHole_3.2mm_M3,4,MountingHole,
"HS1, HS2, HS3",Heatsink_AAVID_TV5G_TO220_Horizontal,3,Heatsink,
J12,DSUB-25_Male_Horizontal_P2.77x2.84mm_EdgePinOffset7.70mm_Housed_MountingHolesOffset9.12mm,1,DB25_Plug_MountingHoles,
"J2, J3, J4",JST_XH_B3B-XH-A_1x03_P2.50mm_Vertical,3,Conn_01x03,
"J5, J6, J7",JST_XH_B2B-XH-A_1x02_P2.50mm_Vertical,3,Conn_01x02,
J8,PinHeader_2x03_P2.54mm_Vertical,1,Conn_02x03_Odd_Even,
J9,BarrelJack_CLIFF_FC681465S_SMT_Horizontal,1,Barrel_Jack_Switch,
K2,Relay_SPST_Omron-G5Q-1A,1,G5Q-1A-DC12,
"L1, L2, L3",L_12x12mm_H8mm,3,150uH,
"Q1, Q2, Q4",TO-220-3_Horizontal_TabDown,3,TIP120,
Q3,SOT-23,1,2N7002,
"R1, R2",0603,2,10k,
"R10, R31, R8, R9",0603,4,100,
"R11, R12, R13, R14, R15, R16, R17, R18, R19, R20, R21, R22",1206,12,10R,
R23,0603,1,5k,
"R24, R3, R4",0603,3,1.2k,
"R25, R26, R27, R28, R30",0603,5,1k,
R29,0603,1,500,
R32,0603,1,560,
R33,0603,1,680,
"R5, R6, R7",0603,3,33k,
"RV1, RV2, RV3, RV4, RV5, RV6",Potentiometer_Bourns_3296W_Vertical,6,10k,
SW1,SW_SPDT_PCM12,1,SW_SPDT,
"U1, U4, U5",TO-263-5_TabPin3,3,LM2576S-ADJ,
"U2, U3",SOIC-14_3.9x8.7mm_P1.27mm,2,LM324,
U6,PYBE30-Q24-D15,1,TEN20-2422WIN,
