Designator,Footprint,Quantity,Value,LCSC Part #
"C1, C15, C16, C18, C20, C21, C22, C23, C24, C25, C26, C27, C28, C30, C31, C32, C33, C34, C35, C36, C37, C38, C39, C40, C41, C49, C7",0603,27,100n,
"C10, C2, C8, C9",0603,4,10u,
"C11, C14",0603,2,27p,
"C12, C13, C3, C4, C5, C6",CP_Elec_6.3x7.7,6,220u,
"C17, C19",0603,2,1u,
C42,0603,1,4.7u,
"C43, C44",0603,2,18p,
"C46, C47",0603,2,6.8n,
C48,0603,1,22n,
C50,1206,1,1nF/2kV,
"D1, D2, D9",D_SOD-123,3,1N5819WS,
"D10, D12, D13, D14",0603,4,LED,
D11,LED_D5.0mm,1,LED,
"D3, D4, D5, D6, D7, D8",D_SOD-123,6,1N4148W,
FB1,0603,1,FerriteBead,
"H1, H2, H3, H4",MountingHole_3.2mm_M3,4,MountingHole,
"HS1, HS2, HS3",Heatsink_AAVID_TV5G_TO220_Horizontal,3,Heatsink,
J10,RJ45_Wuerth_7499010121A_Horizontal,1,RJ45_Wuerth_7499010121A,
J11,Molex_Mega-Fit_76829-0004_2x02_P5.70mm_Vertical,1,76829-0004,
"J2, J3",JST_XH_B3B-XH-A_1x03_P2.50mm_Vertical,2,Conn_01x03,
J4,PinHeader_1x03_P2.54mm_Vertical,1,Conn_01x03,
J5,JST_XH_B2B-XH-A_1x02_P2.50mm_Vertical,1,RED_LASER,
J6,JST_XH_B2B-XH-A_1x02_P2.50mm_Vertical,1,GREEN_LASER,
J7,JST_XH_B2B-XH-A_1x02_P2.50mm_Vertical,1,BLUE_LASER,
J8,PinHeader_2x03_P2.54mm_Vertical,1,Conn_02x03_Odd_Even,
J9,USB_C_Receptacle_Palconn_UTC16-G,1,USB_C_Receptacle_USB2.0,
JP1,SolderJumper-3_P1.3mm_Bridged12_RoundedPad1.0x1.5mm,1,SolderJumper_3_Bridged12,
"L1, L2, L3",L_12x12mm_H8mm,3,150uH,
"Q1, Q2, Q4",TO-220-3_Horizontal_TabDown,3,TIP120,
R1,0603,1,1M,
"R10, R8, R9",0603,3,100,
"R11, R12, R13, R14, R15, R16, R17, R18, R19, R20, R21, R22",1206,12,10R,
"R2, R28, R50, R63",0603,4,470,
"R23, R27, R47, R48, R5, R6, R7",0603,7,1k,
"R24, R3, R4",0603,3,1.2k,
"R25, R29",0603,2,27,
R26,0603,1,2.2k,
"R30, R31",0603,2,5.1k,
"R32, R38",0603,2,3.6k,
"R33, R39",0603,2,3.3k,
"R34, R40",0603,2,9.1k,
"R35, R41",0603,2,20k,
"R36, R37, R42, R43",0603,4,10k,
"R49, R61, R62",0603,3,4.7k,
R51,0603,1,10,
"R52, R53, R54, R55",0603,4,4.7,
"R56, R57, R58, R59",0603,4,49.9,
R60,0603,1,12.4k,
"RV1, RV2, RV3, RV4, RV5, RV6",Potentiometer_Bourns_3296W_Vertical,6,10k,
"SW1, SW2",SW_SPST_TL3342,2,SW_Push,
SW3,SW_DIP_SPSTx03_Slide_9.78x9.8mm_W7.62mm_P2.54mm,1,SW_DIP_x03,
TP1,TestPoint_Loop_D2.60mm_Drill1.4mm_Beaded,1,TestPoint,
"U1, U4, U5",TO-263-5_TabPin3,3,LM2576S-ADJ,
U10,SOIC-8_5.23x5.23mm_P1.27mm,1,W25Q128JVS,
U11,LQFP-48_7x7mm_P0.5mm,1,W5500,
"U12, U2",SOIC-14_3.9x8.7mm_P1.27mm,2,LM324,
U3,SOT-223-3_TabPin2,1,AMS1117-3.3,
U6,QFN-56-1EP_7x7mm_P0.4mm_EP3.2x3.2mm,1,RP2040,
U8,SOIC-14_3.9x8.7mm_P1.27mm,1,MCP4922-ESL,
Y1,Crystal_SMD_3225-4Pin_3.2x2.5mm,1,12MHz,
Y2,Crystal_SMD_3225-4Pin_3.2x2.5mm,1,25MHz,
