Designator,Footprint,Quantity,Value,LCSC Part #
"C1, C2",0603,2,27p,
"C10, C9",0603,2,3.3u,
"C11, C18, C20, C21, C24, C28, C3, C4",0603,8,100n,
"C12, C13, C14, C17, C26, C27",0603,6,10u,
"C15, C16",0603,2,220p,
"C19, C22",0805,2,47u,
"C23, C25",0603,2,10n,
"C29, C30",0603,2,2.7n,
"C5, C6, C7, C8",CP_Elec_6.3x5.8,4,100u,
D1,D_SMA,1,SS54,
D2,0603,1,LED Green,
D3,0603,1,LED Red,
FB1,0603,1,FerriteBead_Small,
"H1, H2, H3, H4",MountingHole_3.2mm_M3,4,MountingHole,
"J1, J10, J6, J7, J9",RJ45_Amphenol_54602-x08_Horizontal,5,RJ45,
J2,BarrelJack_CLIFF_FC681465S_SMT_Horizontal,1,Barrel_Jack_Switch,
"J3, J5",JACK4832.2330,2,AudioJack3,
J4,USB_A_TE_292303-7_Horizontal,1,USB_A,
J8,microSD_HC_Wuerth_693072010801,1,Micro_SD_Card,
JP2,SolderJumper-2_P1.3mm_Bridged_RoundedPad1.0x1.5mm,1,SolderJumper_2_Bridged,
Module1,Raspberry-Pi-4-Compute-Module,1,ComputeModule4,
R1,0603,1,120,
"R10, R9",0603,2,4.99k,RC0603FR-075K1L
"R11, R14",0603,2,1k,
"R12, R13, R15, R2, R3, R4, R5",0603,7,10k,RC0603FR-075K1L
R16,0603,1,12K 1%,
"R17, R18",0603,2,590,RC0603FR-075K1L
U1,TSSOP-20_4.4x6.5mm_P0.65mm,1,MCP2515-xST,
U2,SOIC-8_3.9x4.9mm_P1.27mm,1,MCP2551-I-SN,
U3,Converter_DCDC_TRACO_TEN20-xxxx_THT,1,TEN20-2411WIN,
U5,TSSOP-24_4.4x7.8mm_P0.65mm,1,CS4270,
U6,SOT-23-6,1,TPS79301-EP,
U7,SOT-23-5,1,RT9742GGJ5,
X1,XTAL_ASFL1-8.000MHZ-EC-T,1,12.288MHz,
Y1,Crystal_SMD_3225-4Pin_3.2x2.5mm,1,8Mhz,
